External ID,contig_count,largest_contig,total_length,gc_content,N50,L50
MSM6J2M3,94418,235631,112199791,46.61,2417,7271
MSM79H7Q,75915,254726,94425174,46.74,2355,6052
CSM7KON8,54486,278817,61827721,47.43,1904,5059
PSM7J1BB,43197,417021,61213087,43.66,4047,1745
MSM79H5M,103981,181815,102406361,48.27,1526,10316
PSM7J173,71034,222365,68024047,45.89,1301,8618
CSM5MCXP,42311,242763,59867773,46.58,4304,1571
CSM7KOU9,74370,315611,96077419,47.11,2688,5467
HSMA33OV,40903,373484,58667300,45.02,5691,1619
CSM79HL4,38238,285751,56809243,44.96,4028,2335
CSMA88CB,34070,256786,32496840,46.94,1436,4654
MSMA2684,36136,205191,48104482,47.9,3114,2601
PSM6XBTR,61870,237831,69596275,46.22,1821,6256
CSM67UFV,69054,184363,88098833,46.56,2268,5973
CSM67UDJ,37465,226415,47913137,45.9,5254,1186
HSM7J4JH,24854,542195,30579714,47.02,2086,2341
PSM7J16U,22756,233581,20692442,44.68,1353,1058
CSM7KOMB,39643,225701,47092756,44.66,3120,1264
PSM7J1A8,51536,200212,53453614,45.87,2211,2940
MSM79H67,26286,308937,27366983,43.8,2282,1218
PSM7J15G,34461,415597,51021690,46.77,6650,833
HSM7J4PG,57232,113095,67283096,46.29,2277,4460
HSM5MD6A,36725,287730,51563061,44.34,3889,1865
HSM5MD7O,506,23278,382911,44.08,913,85
HSM67VEO,42622,324327,56970550,46.35,6333,1021
CSM9X22U,39778,260230,56854066,46.53,3582,1819
MSM9VZLP,68556,210290,63959243,49.68,1240,8490
CSM67UAG,21103,164602,43083183,45.11,5613,1314
MSM9VZNL,65616,199951,63650766,46.3,1444,6156
HSM7CYZ9,17750,276430,26195294,46.38,5483,659
CSM79HR8,11499,71078,15746897,43.45,2663,1091
CSM7KOK5,24748,48599,26868913,43.6,1666,3692
HSMA33KU,50650,237109,61493894,46.69,4351,1927
ESM718SY,55984,347881,67110791,45.64,2330,4643
MSMAPC7T,45193,220254,53698433,46.78,2650,2182
MSMAPC5H,51498,333423,52943251,46.01,1458,5233
CSM9X233,43005,146159,53547300,49.86,2432,3582
CSM7KOJS,26633,483623,48608073,44.35,23803,325
HSM7J4MY,44704,132386,61049605,45.11,2765,3536
MSM79HEY,47544,443272,56764892,44.12,2079,3926
CSM79HQB,62557,100118,61075355,47.93,1474,6283
PSM7J12V,40859,238975,50830893,45.02,3472,1712
HSM7J4OE,53894,391708,65181014,46.28,2176,4021
MSMA26BL,70029,106975,71831829,44.9,1607,8379
CSMAIG7X,17663,226444,25598441,42.8,3797,885
HSMA33J3,55981,479345,54251970,47.03,1333,5856
MSM9VZFT,51028,327658,54159504,46.14,1797,4915
PSM6XBTL,56970,249645,79514469,46.26,3561,2834
HSM5MD79,14464,160536,33170857,44.86,7145,963
HSM6XRUZ,26653,73037,27538698,46.68,1663,3539
ESM9IEP1,40183,96351,35103724,50.12,1121,5008
CSM5MCXN,48757,311535,62036283,47.55,4003,1817
HSMA33LZ,33409,342162,57163907,45.32,8332,964
CSM79HN6,63639,343550,67468521,47.87,1893,3585
MSM79H7O,76738,209550,86954972,48.4,1961,6481
MSM79H5S,54726,421337,66636917,45.19,3344,2780
HSM5MD7Q,16544,278332,26514087,50.05,14022,276
HSM7J4PY,38138,354953,47838272,45.62,3535,1066
CSM7KOTA,32161,128869,40381907,44.18,2771,1905
HSM7J4RE,59842,306899,72413561,47.6,2488,3874
MSM79HBV,20102,177153,37219935,47.64,4136,1764
HSM67VHD,25403,275472,47407907,47.29,8333,978
ESM7F5AK,51910,507924,62056734,45.98,2479,2933
MSMA26DM,52639,368969,68230583,47.34,2909,2212
MSMAPC7J,68093,248332,78235404,46.8,2596,3541
PSMA266C,0,0,0,0.0,0,0
MSM6J2K2,82144,144148,65995316,46.07,959,14386
HSM7J4O3,48167,305587,79535709,47.25,5048,2497
HSM7CZ2A,52197,328804,56316280,46.71,1613,4226
HSM7CYY5,35152,215537,42592244,43.77,3421,1571
MSM9VZLN,89501,171155,106687834,49.43,2159,7612
HSM6XRQY,12924,358778,32359595,43.61,17046,351
CSM67UAY,50130,284921,49702894,47.75,1593,3668
MSM9VZNR,25287,368787,34405858,47.93,3666,943
HSM6XRSE,19550,242426,18901336,45.01,1307,1375
ESM5GEXY,31730,191472,39463030,47.09,2489,2336
ESM5MEC5,43640,312552,44393556,43.86,1398,5344
PSM7J19B,57496,475233,79282436,46.78,3413,3136
HSM67VEQ,69900,320096,72751459,47.7,1511,7652
CSM9X22K,50983,346667,72652519,47.69,3922,2472
MSM6J2SI,67968,294327,70469012,45.71,1515,6083
PSMA2659,36429,419332,62290407,45.89,6242,1478
CSM79HHA,43275,343354,49380214,46.3,2516,2267
CSM7KOSP,19830,617188,30296784,44.87,4652,644
MSM6J2HH,10872,58071,10297496,45.55,1379,1055
MSM79HDI,26655,288748,40130744,43.72,4399,1367
HSM7CYXS,30268,133767,54545847,45.58,6017,1805
HSM7J4NU,76368,810549,95517618,47.51,2515,5505
MSM6J2JT,47941,643255,55417418,45.4,2541,2996
MSMA26BR,51524,192591,49286087,47.63,1583,4394
CSM5MCWG,14475,322174,19807895,52.83,3065,342
MSM79H8F,18241,314202,41632596,43.98,30983,286
ESM5MEBS,50983,347916,57932418,45.01,2042,3946
CSM9X211,64059,182700,82524244,45.69,2921,3746
HSM6XRS4,18030,49928,21016340,52.25,1939,2443
PSM7J193,16205,297491,34011382,44.5,24935,261
MSM79H9Q,56008,649273,57539193,45.8,1721,5510
CSM79HIV,66693,284984,75308784,46.26,2003,5585
MSM6J2QL,53082,318065,63283393,45.71,2217,3208
CSM7KORG,48274,312367,59535625,46.56,3395,2364
MSM6J2KC,41881,242279,43207535,48.79,1707,3622
HSM7J4OB,66528,241585,78459825,46.13,2301,5079
HSM7CYZV,7849,224040,14384113,43.64,30259,103
CSM7KOKZ,57724,290562,73588210,44.65,4058,2152
HSM6XRVC_TR,27016,324929,48094980,48.5,7548,916
HSM7J4LP,677,3803,297019,40.3,423,249
HSM7CYYD,41731,373357,64362126,45.24,12506,700
CSM79HPK,25422,98270,24475543,43.66,1472,2834
CSM67UBR,12191,180058,30208111,44.82,8207,742
CSM5MCW6,30851,398647,25362632,48.33,884,3019
HSM67VFZ,60910,273732,81857755,47.73,2889,3603
MSM79H87,35939,482377,45283183,48.71,3802,966
CSM9X1Z4,34895,419493,49069038,46.93,3426,1214
PSMA265H,31519,327588,30326824,44.43,1338,3574
HSM7J4M6,40989,117168,48416218,48.61,2132,3983
PSM7J129,0,0,0,0.0,0,0
MSMA26EZ,42389,190783,40906987,47.17,1352,4934
HSM7J4HS,11814,78853,14381265,45.79,3146,807
MSM6J2LR,43912,236243,49009958,45.77,1884,3872
PSM7J14N,34872,153386,49297402,44.53,3617,2312
HSM7J4KA,309,5925,152488,41.65,455,89
CSM7KOLK,66902,358567,71615170,46.33,1820,4604
PSMA269S,48826,224534,52830711,47.76,1845,4078
MSM5LLGL,32225,350341,57534730,45.37,9081,906
MSM5LLEP,61789,279672,89994204,44.67,4474,2692
MSM9VZI2,30205,255461,46228305,45.09,4924,1139
PSM6XBSU_TR,0,0,0,0.0,0,0
ESM5MEDU,53626,202601,59482176,43.99,1881,5549
PSMA263W,24514,467517,27027052,44.49,2069,678
PSM7J1AW,0,0,0,0.0,0,0
HSM7J4I5,51286,281665,66072721,48.1,2778,3164
HSM6XRTM,42128,491918,53568016,45.74,2355,3171
PSM6XBVI,26504,367092,55841410,45.64,8468,1072
MSM9VZHT,55799,482377,51256790,47.12,1249,8184
CSM7KOKD,28873,356009,60100789,46.31,7125,1298
HSM7J4LN,24151,701714,42647988,44.55,22369,303
CSM79HPU,35,1914,16794,39.36,457,12
HSMA33R9,37836,135087,48490721,46.21,2590,2486
CSM79HIH,22524,413156,47791454,43.62,16550,414
MSM6J2QR,49317,334896,68864939,46.12,3282,3264
CSM79HKT,30025,667196,34062158,51.74,2140,2128
MSMAPC59,50268,282610,54842364,45.92,1794,3742
CSM7KOPE,44587,336437,71016826,45.51,6760,1287
CSM5MCVN,13289,319958,41315476,45.43,27746,371
PSMA267J,55051,197814,70230749,45.86,3122,3043
HSMA33JB,56819,391574,80906453,46.94,3089,3804
MSMAPC6C,29749,320160,45505481,46.06,5858,1059
HSM7J4GD,40267,165707,54208451,44.74,2906,2788
CSM9X23B,45774,178230,70609420,48.59,5285,2259
HSM67VFD,449,301343,9232022,43.72,95571,30
PSM7J18K,35478,325887,42249952,47.59,1999,2573
MSM9VZP1,16448,582298,24092748,49.47,15944,209
ESM5MEDK,49825,286309,68146891,48.44,3677,2258
MSMB4LZ8,67318,260966,69519268,45.91,1736,5890
HSM7J4IC,31742,434593,58951491,45.95,12160,786
MSM6J2MB,50092,283668,70743542,47.56,3577,1914
HSM7J4HM,36285,303202,44418041,45.08,2804,2147
MSM6J2LL,54655,289763,75992472,47.7,3535,2530
PSM7J14P,42357,314445,62249794,45.78,4459,1999
PSM7J17B,3775,43745,4845690,35.36,2215,540
ESM718T9,42735,62887,38664897,48.51,1221,5401
MSM7J16J,44629,208740,51149354,45.02,2238,3162
CSM79HLE,30757,242757,38384483,44.35,2334,1831
MSMB4LZP,25792,166180,37270199,46.28,5239,1081
MSMB4LYB,47458,377190,64594785,46.21,5114,1840
HSM6XRTS,55729,463682,66060615,45.98,2469,3663
MSM9VZHJ,37592,627157,51760725,47.65,4438,1878
MSM5LLF4,46179,275450,51918706,51.12,2365,3338
HSM6XRVO,29651,287730,34001721,47.78,2040,1809
HSM7J4J9,32082,226985,48898384,44.88,5141,1480
MSM79H6F,19159,99512,10081816,46.2,506,5779
PSM7J156,65652,184952,68198406,47.78,1635,7222
PSM7J1CU,38041,306882,56122139,44.69,7214,1089
HSMA33NA,30472,313280,52231388,46.24,4594,1835
HSMA33MS,53199,481239,48027481,47.99,1162,5737
HSM67VGC,41138,249241,63482400,48.05,4813,2124
CSM67UCK,45905,268752,55639621,46.07,2804,2823
CSM67UAW,42721,215883,39850930,48.79,1310,4118
PSM6XBSS,74530,320486,87317153,46.62,2035,5751
HSM6XRQW,18250,418389,31827153,43.7,7168,650
HSMA33RX,45558,451908,66214959,45.93,6465,1629
CSM79HP4,55983,261102,58757520,47.81,1664,4890
HSM7CZ3A,35622,297146,53739412,46.17,6305,1067
MSM79HF3,54829,88682,43128178,49.56,931,9935
PSMA266M,73831,321613,86890471,48.87,2031,6280
MSM6J2Q3,43370,308927,51620563,44.83,2736,2109
HSMA33KE,81073,317315,77845211,45.23,1275,10888
PSMA264Q,30977,209935,38941191,43.81,2480,1926
MSM79H8H,61080,257466,60774754,47.56,1469,7091
MSM6J2JZ,83058,124117,72028218,46.25,1066,12032
PSM7J12F,12875,212577,30182071,44.14,13510,470
MSM79HDG,19246,140444,27825022,45.12,2986,1905
MSMA26AN,26429,127766,26724161,44.93,1499,2853
MSM6J2HF,16140,267812,23765149,44.39,7078,364
CSM79HHO,67163,520569,78033440,48.13,2332,4642
MSM6J2PU,16972,92647,17519281,45.59,1690,1980
CSM79HJS,30395,109655,42549979,47.53,3630,1989
CSM7KOL4,64556,194522,87098376,47.3,3250,4062
PSM7J141,22202,419798,55503800,45.63,21725,462
PSM7J1BR,11400,374184,14956797,40.02,2607,621
HSM7J4Q1,46388,297396,86772705,47.0,5325,2768
HSMA33MZ,10783,101225,11841411,45.65,2313,789
CSM79HGF,46435,47598,32026544,46.29,729,10155
MSM9VZIM,46457,250077,45057615,47.58,1397,4003
MSM79HDQ_TR,35843,280271,35990324,46.31,1717,2074
PSM6XBTB,24545,295529,39012584,43.46,19565,350
PSM7J1C4,54364,243783,68081105,46.28,2701,3716
MSM79HAJ,86000,208322,78476873,50.32,1320,10380
CSM7KOON,59329,290568,76084918,47.29,3066,3132
PSM7J15W,53544,121523,55384287,45.83,1732,6502
HSM67VID,27680,172294,27128988,46.01,1813,2163
PSMB4MBK,57568,245961,58289010,45.87,1640,6258
PSM7J4EF,8897,26187,6155171,42.68,814,2048
HSM67VHJ,28394,424682,59157020,45.76,8329,1121
HSMA33M2,54071,169840,67489418,45.97,2372,4197
CSM7KOTO,29552,178230,43890714,45.38,5765,1267
HSM7J4PW,38571,217714,61540804,46.77,5320,1840
HSM5MD6Q,26867,411379,44325468,46.5,7467,855
MSM5LLDI,21243,235446,37288885,45.07,6356,1126
CSM67UH7,46465,379444,52505544,45.62,2393,3560
HSMA33IG,33552,465739,56084827,45.3,5081,1446
CSM79HI7,27470,438372,51991357,47.02,6865,839
PSMA264O,38746,255297,46257372,43.89,3121,1888
HSMA33RF,37157,119147,36583412,45.6,1528,3515
CSM79HR6,17688,259267,32803377,45.9,5253,906
HSMA33PZ,18952,313359,32212117,46.89,12835,387
HSM7CZ1C,71756,278828,98001247,48.41,3333,4814
HSM7CYZ7,28523,495862,38475538,44.31,4601,840
PSM6XBSM,47881,232964,61642631,45.01,2875,3135
HSM6XRQI,23963,211683,27232870,43.93,1850,2752
PSM7J19R,76822,245659,74908400,47.34,1448,7169
MSM6J2PK,52229,359852,72849670,46.22,3940,1976
CSM79HJM,46105,199291,57553420,47.03,2516,3279
PSMA2675,54960,224534,63711727,46.98,1956,4488
MSMA26BB,92543,384487,106207124,45.96,2000,8478
MSM6J2JD,70178,475491,69030843,48.08,1385,6427
HSM7J4NE,50837,129310,46478812,46.25,1156,6774
HSM7J4MW,37673,392309,57965028,46.03,5346,1612
HSM7CYXC,34303,528185,52423241,47.51,4887,1461
MSM79HEW,29623,300498,32503250,46.74,1893,2676
MSMA26AP,50783,208913,53720202,44.96,1553,5716
CSM67UB3,52937,284921,50003852,48.47,1287,5919
HSM6XRR3,21751,371204,44654129,45.69,7829,865
PSM7J184,14381,286267,18375248,47.09,5823,382
CSM79HGX,54134,178549,49956391,46.44,1182,6907
MSM9VZIS,33930,282510,37409963,47.18,2024,1863
MSM9VZPN,30980,242101,42842670,46.63,3668,1463
HSMA33OX,29544,189404,44362481,45.1,6348,1075
CSM5MCZB,41837,255251,56501465,46.21,4839,1264
ESM718UH,42035,642510,46888872,46.27,1941,3033
HSMA33LJ,51828,258492,56855722,46.9,1934,3970
ESM718TF,32003,139433,34448181,48.01,2035,2731
PSM6XBQY_TR,34613,108065,35779394,45.25,1592,3868
PSM7J163,9088,366334,36091205,49.59,20131,387
PSMB4MC3,25090,224589,36040127,46.94,3999,1460
PSM7J1BL,4390,126015,7850037,47.07,10300,138
CSM7KOTQ,45950,213425,54930192,47.13,2508,3140
CSM5MCY8,46717,386482,69765406,47.25,12341,639
HSM7J4PI,52281,109926,45823134,48.85,1076,6515
MSM79HAT,82078,202968,63571577,48.65,892,14904
CSM7KOOP,68142,481094,80739985,47.16,2435,4652
PSM7J15I,43618,304749,52589857,46.41,2280,2843
MSM79H69,48816,203895,57089878,45.98,2999,2021
PSM7J1A6,30927,329581,33050770,50.07,1655,2363
HSM7J4JF,46988,312638,61962449,46.14,2996,2377
CSM79HLK,20328,96228,27412873,43.96,3463,1364
CSM5MCZ3,62279,668400,63701168,48.5,1477,7319
CSM79HNW,8164,438243,18791268,44.15,34473,108
ESM718T7,50083,131122,51356186,48.33,1821,4549
PSM7J16B,7823,72856,10070591,53.79,2921,671
HSM7J4KQ,24088,277546,50026587,45.9,20516,430
PSM7J17L,54766,487541,80048407,45.5,4037,2620
MSM6J2OP,20569,269668,35318036,45.43,12397,435
MSM6J2LB,16486,235395,16700791,46.5,1667,1443
MSMA26EJ,29225,323614,36803683,43.34,4066,1051
HSM7J4HC,58770,261468,59719531,46.35,1487,5676
MSM6J2ML,25203,180547,46147106,44.17,6141,1061
HSM5MD5D,66211,206945,78293323,48.26,2077,6093
CSM79HO1,20362,235618,59003667,46.4,15971,752
MSM79HDG_TR,18094,285551,30534711,45.09,12056,342
HSMA33NO,24120,492972,31889315,49.76,8449,514
HSM5MD6A_TR,33224,287730,60941117,44.99,7179,1269
PSM7J158,73818,189704,78169664,46.59,1748,6912
MSM79H6H,74023,122973,78786321,45.56,1882,6783
HSM7J4J7,35560,226985,50659874,44.02,4096,1574
CSM67UGO,43670,118467,40392388,45.86,1165,4444
PSM6XBUK,49089,303587,70618827,45.91,3497,2752
HSM6XRVA,25830,285985,40129425,48.73,4001,1185
HSM6XRQ8,41217,145553,50506702,46.66,2725,2678
MSM79H9A,60520,434826,64964757,48.65,2710,2275
CSM7KOPK,36240,443859,50522686,45.21,2610,2494
MSMAPC57,30798,237605,31852585,48.36,1938,1230
CSM79HKZ,50586,359403,70074580,44.98,4811,1657
MSM9VZEQ,43685,372395,57413499,45.01,3014,2779
CSM79HIF,19943,413156,43147755,43.65,16730,404
HSMA33R7,38233,308174,44563914,45.21,2643,1815
MSM6J2IO,41782,379061,65595247,45.99,5510,1536
CSM7KOKJ,43345,191517,47047781,45.35,1608,4075
CSM79HRG,22916,481297,41004825,45.67,8566,781
HSM7CYZF,23447,84249,23181872,44.49,1446,3132
MSM9VZMI,24823,289834,49548255,44.86,7604,852
CSM67UBB,18424,364702,34482002,46.63,8939,624
MSM9VZOU,10988,242998,18253054,48.52,5446,481
HSM6XRRB,21183,398647,27834172,46.31,4182,521
PSM7J18E,40624,303485,60916340,45.9,5801,1364
HSM67VFJ,10950,418244,43022164,46.34,22538,351
PSM6XBRK_TR,51795,178484,52195803,44.5,1364,4922
MSMAPC6M,85873,203727,77959667,45.49,1216,11608
PSMA265X,49308,230141,51430395,47.75,1756,3037
PSMA267D,33114,419439,51273621,45.4,4651,1440
HSMA33QM,70039,479047,73354682,49.89,1725,6652
HSM7CZ1Z,57733,352822,67352420,45.6,2526,2885
MSM6J2J5,64861,331889,76540922,47.03,2235,4938
HSM7J4N4,61318,165707,55627102,45.47,1152,8165
HSM7CYX2,56951,308144,78420541,46.78,3420,3196
HSM7CZ2H,54285,150002,44410950,46.73,944,7664
PSM6XBT3,21751,232401,27396894,43.69,4441,667
CSM7KOLE,52485,249557,43562107,46.37,958,8048
HSM7J4KO,23534,337004,39534727,44.72,5864,904
MSM6J2ON,8869,246486,26162518,43.67,27957,187
HSM67VHS,33317,149753,42650542,45.86,4613,1304
MSMA26ET,40917,433830,41962974,47.66,1803,3061
HSM7J4IS,36426,425498,50120725,44.84,3590,1792
CSM79HNI,41003,384263,67772225,45.4,11929,821
MSM9VZHZ,50172,170103,39282554,45.68,895,7727
CSM67UEM,28492,357486,52224700,45.68,7890,871
HSM67VI5,58051,328776,79110967,46.71,2743,4621
HSMA33MC,22253,62210,23314775,46.45,1801,2640
CSM5MCYW,34228,668400,29963350,50.39,1047,3742
CSM67U9B,53255,465688,57584321,47.12,1848,3121
HSMA33NQ,38939,259631,31351078,49.5,922,6354
MSM6J2IQ,37799,350074,59973865,45.7,5067,1765
CSM7KOKT,29110,442750,47168809,44.96,6398,1076
MSM79HFB,82351,304459,94519053,49.15,2248,6815
HSM7J4OL,49270,391574,66148895,45.51,4542,2121
PSM7J13Q,31763,301705,54746389,45.75,6837,1027
MSM6J2KM,32484,165132,36852413,47.91,2511,1899
CSM7KOPU,26224,284921,53489665,45.36,9294,896
MSM9VZEO,38896,715236,48573730,46.62,2575,3065
CSM7KORI,28133,249310,48538228,43.47,7273,1002
MSM6J2QB,54113,255506,62999424,45.54,2723,2533
MSM9VZGS,49588,404038,40274890,46.45,1018,7567
CSM79HIX,32856,272794,60633533,46.28,8349,1055
PSM7J127,20220,297491,47320425,43.89,9993,619
HSM7J4M8,67397,132150,78833904,48.55,2229,5226
MSM9VZF5,23489,343116,36836659,48.7,4117,1661
PSMA265F,32433,334892,30832295,44.89,1413,4123
HSMA33JR,49327,434446,71391334,45.21,3977,2474
MSM6J2R8,33225,230285,42365000,48.28,4076,1419
CSM9X21N,38511,182602,60800785,45.75,3853,2480
MSM79H89,41066,766556,43962351,48.81,1846,2836
MSM9VZMW,60680,179969,84519415,47.78,3284,4501
MSM9VZOK,54569,575569,50638386,46.16,1204,8773
HSM6XRQB,61190,211891,69909165,45.68,1605,7788
MSM9VZOG,45100,650031,57588484,48.52,3130,2004
HSM67VFX,65326,241185,62621557,46.45,1353,7157
MSM79H85,40116,715510,53740572,47.05,5742,1045
PSMA265J,25514,286262,40216213,45.2,7215,814
HSM7J4M4,47696,137929,42405032,51.49,1168,5865
HSM7CZ2Z,25748,193552,42610248,47.27,4071,2002
CSM67UC6,51995,354216,71753285,46.34,2744,4017
HSM6XRS6,11122,224907,16433346,51.51,5270,460
CSM79HIT,56569,224415,48193497,46.9,1019,9550
HSM7CYYF,17523,458994,32318859,44.36,33782,196
HSM7CZ22,40476,115502,49652245,45.87,2482,3139
MSM6J2KA,111194,128423,99777580,47.06,1161,14912
HSM7CYZT,9969,251580,18060414,43.3,27140,134
ESM718TM,29601,58426,27234002,46.95,1239,3716
PSMA263U,25409,795596,33419722,44.29,8666,201
CSM67U9N,14879,9619,7159400,43.45,464,5080
HSM67VI9,44580,242398,75367529,46.14,4409,2738
HSM7J4I7,48570,304160,64404979,47.81,3340,2062
MSM79HA7,100967,241060,94610229,46.15,1333,11576
PSM7J1CI,46285,307365,72354965,46.07,4036,2894
PSM7J1AU,20720,295415,39303615,43.87,11716,542
PSM6XBVK,24540,417020,30278746,44.62,5611,465
HSM6XRTO,60774,456589,69180127,46.91,2095,3436
CSM67UEA,67564,188062,67258983,47.61,1496,5844
HSM7J4QL,20033,347665,43737153,47.03,9516,778
CSM79HNE,17035,195896,32575609,45.25,6041,1025
MSM79HF9_TR,49895,212604,35126105,48.97,724,8898
HSM7J4KC,25886,136584,30762993,46.88,3120,1275
CSM7KONU,5681,97361,3485271,43.28,637,1437
HSM7J4HQ,34791,207264,30934216,45.27,1044,4333
PSM7J14L,25424,336446,41566194,45.42,5630,1156
MSM5LLER,45029,279612,73830771,44.58,4302,2461
HSM5MD7J,20988,160535,18716907,45.14,1163,2305
HSM7CZ1V,41641,280483,62354642,44.88,5684,1320
PSM7J1DF,51753,227957,52164863,46.75,1696,5386
HSM7J4N8,47913,157506,55671871,45.89,2147,3764
MSMAPC6A,38784,342309,53766113,46.59,2892,2975
PSMA265T,58060,295814,68886588,45.87,2220,3402
PSMA267H,41052,345191,45424005,45.73,2174,1948
HSM67VDZ,7438,157595,8683209,43.96,2077,353
PSM7J18I,50373,543621,64797783,45.85,3213,2827
HSM67VFF,30321,289695,32319923,45.48,1730,1573
MSM9VZME,35607,212626,50179201,45.79,2904,2736
CSM67UBN,14675,147413,40336247,44.92,9057,1009
MSM9VZOY,36465,508081,44718767,46.1,2202,2522
CSM7KOKF,51053,184735,64558406,44.8,3235,2565
HSM7CYZJ,63401,139975,81814158,47.8,3146,4141
CSM7KOPG,20835,456031,43152337,44.14,11035,493
CSM79HKV,38565,398647,40101828,48.32,1625,3091
CSM79HIJ,25255,413156,49272148,44.56,14668,516
MSM6J2QP,38812,396318,71089916,45.46,5093,2160
MSM79H9M,81856,176788,91561092,47.51,2011,7047
HSM67VD2,23570,383825,56806294,45.71,12734,723
CSM5MCVL,23573,181692,37304802,46.35,17067,462
MSMB4LZR,33343,370238,46421790,45.17,5909,886
HSM5MD62,43100,288541,66052764,46.95,4017,2188
CSM67UGC,15118,238238,14834816,48.01,1216,1996
MSM5LLF6,56678,303660,63486305,45.12,1876,4678
PSM6XBUG,41470,356685,56365964,47.08,3480,2499
HSM6XRVM,39650,98062,32342952,46.43,1022,6520
HSM6XRTQ,22164,43755,18756713,51.17,1123,3784
PSM7J154,53893,269863,66342021,46.82,2725,3760
MSM79H6D,123210,234456,118601245,46.76,1344,12464
HSMA33NC,61933,361226,79279711,47.14,2751,3553
MSM9VZP3,29239,582298,30527057,48.26,1508,1536
CSM67UE7,48550,354257,62919352,45.82,2688,3236
PSM6XBW3,31605,200212,30785541,49.07,1476,2807
PSMA269O,46900,323948,60334473,48.63,3346,2330
CSM7KONK,33556,164046,38754366,44.65,2427,2286
HSM7J4HO,31873,303202,40433976,44.54,2440,1837
MSM6J2LN,53130,289763,77617338,47.16,4589,2231
PSM7J14R,70455,275942,94615354,46.32,2834,5178
CSM79HLG,50197,242748,61528194,45.82,2816,2438
MSM79H65,56658,270284,66146668,46.39,2147,3738
MSM6J2LW,99575,206763,110887604,47.02,1859,9988
HSM7J4JJ,44727,321839,49554462,47.72,2183,2213
PSM7J16W,42096,222365,40464329,46.27,1632,4194
CSM79HOL,59388,311755,83558609,47.48,3536,3203
CSM5MCY4,29570,266613,54476142,46.99,7323,1245
CSM79HMP,69414,117213,65339290,45.34,1304,8752
HSM7J4PE,30457,156078,40571923,46.89,3712,1824
HSM5MD7M,5901,30404,5135064,51.77,1193,803
HSM5MD6C,34139,103777,31577591,44.99,1287,5065
PSM7J171,25331,199260,24120721,44.77,1430,2540
CSM79HL6,36418,396412,49557346,45.11,3690,1564
HSMA33OT,11524,10908,8318789,44.72,831,2665
CSM5MCXR,29341,210552,42594962,45.5,5580,1057
MSMB4LZK,40031,253307,58987129,45.37,3633,1953
MSMB4LXW,37409,165043,42891755,46.47,2174,2626
MSM9VZKC,47518,314434,51038748,47.82,2847,2051
PSM6XBTP,49921,247777,66222923,44.54,3019,2766
CSM9X1ZY,42160,235467,57469602,45.33,2882,3325
MSMA26BN,52952,226091,62064189,47.37,2317,3404
CSMA9J65,39063,362835,39722247,46.63,1592,4151
HSM7CYXO,13534,277546,34738239,44.07,27602,235
MSM6J2HT,32606,318065,63209167,45.0,7326,1366
MSM79HDU,46455,693403,53848656,45.52,1931,3926
CSM7KOJQ,35893,394426,53561125,44.7,5631,1195
CSM7KOSL,7528,280501,15360008,43.48,32329,106
CSM79HJA,49713,178586,54931746,45.65,1901,4336
HSM67VEM,41685,490666,64782295,46.16,6576,1124
PSM6XBSA,50992,248009,64129073,45.19,3200,2495
MSM9VZLR,60359,108434,50405739,50.53,1041,8351
CSM7KOK7,33570,105980,38075732,47.11,1807,4234
CSM7KOP6,52468,267864,70678283,46.13,3420,3022
HSMA33IK,34385,308174,52653818,44.82,8703,693
HSM5MD7S,26987,278327,32699292,49.45,2975,1388
MSM5LLDE,22530,221994,20224515,48.29,1168,1830
ESM5MEDN,27719,315410,31201697,48.16,2241,1240
CSM7KOTC,46126,101652,48723684,45.94,1729,4206
CSM79HMN,59333,163172,51846807,46.48,1110,6499
CSMAAEUA,65129,408237,84932438,46.53,2810,3784
PSM7J1C8,52807,307365,68301294,47.28,3229,2776
MSMA26DO,59846,263899,62191367,47.22,1715,4232
HSM67VHF,28267,377524,55276392,45.9,8433,1030
MSM79HBT,32039,166886,38298206,45.07,2456,2364
HSM6XRUX,48909,191020,56855463,47.41,1945,4381
HSMA33LH_TR,36793,537769,45275354,47.7,3817,1400
HSMA33OJ,55798,342944,67627059,44.81,2515,3916
HSMA33LX,84155,186784,95428459,47.55,2075,6745
HSMA33MV,41928,435319,59774007,46.34,3403,1773
CSM5MCXL,49388,212014,63990562,47.29,3200,2455
MSM79H5Q,51649,322309,66522059,46.16,2628,3062
HSM7J4K2,27450,237099,38466854,45.97,3728,1091
MSM79H7M,20301,132107,53529866,44.57,10238,996
MSM9VZFH,80127,386836,78509121,48.98,1493,7461
MSM6J2SK,38264,568047,54410293,44.31,3480,2170
MSM79HFW,81799,390114,83838804,48.11,1603,7113
PSM7J12J,17379,795596,16259828,44.73,1162,1758
HSM7CYXQ,32822,134894,48605058,45.68,3348,2686
HSM7J4ME,61187,118937,75498820,48.69,3183,3832
MSM6J2HJ,11843,240675,25318712,43.82,13293,366
MSM79HDK,35154,418427,54254140,47.05,5206,1482
CSM7KOJO,28831,1048689,48679807,45.67,6601,817
CSM5MCWE,20469,828070,40318484,46.02,21272,314
CSM9X213,45295,182701,63430816,45.37,4309,2073
MSM79H8D,58227,336133,78622538,46.49,4056,2519
CSM79HK9,67563,182272,67209525,45.84,1410,7846
HSM7CYY7,44910,397325,62007371,47.5,3894,1668
HSMA33RT,34021,451908,52307543,45.12,4956,1491
HSM7J4O1,63138,259977,80681112,47.38,2645,4630
HSM6XRSG,4905,224040,12845632,46.31,40205,82
MSM9VZLL,80546,589026,94956757,48.95,2163,7396
CSM9X22I,78463,346667,102170780,47.4,2937,4153
HSM67VES,65248,324327,84560053,46.55,3714,2753
MSM79H6J,108693,193026,105243758,46.4,1396,10819
MSM9VZHF,32634,649273,37651427,51.75,2594,2137
MSM5LLF8,23000,176128,27037304,45.11,3510,1008
PSM6XBUI,18544,17109,11799755,45.25,668,4664
HSM6XRVC,30805,363586,55638742,48.92,7211,1277
MSM9VZJZ,62929,306769,84132933,45.79,3313,3547
CSM79HNU,10019,381075,17036022,44.53,46148,87
CSM79HLI,39484,210552,46447741,45.2,2548,2232
HSM7J4IO,40241,326620,41001430,45.42,1668,3005
MSMA26EH,1455,5601,653871,41.49,416,503
HSM7J4HA,43915,261592,43649736,48.07,1649,3235
CSM7KOLY,42281,391977,65771914,46.04,8403,908
MSMB4LZ4,39958,170712,59855657,45.42,4515,2296
MSM9VZOW,34742,508233,49760223,48.34,3419,2161
HSM6XRSN,46257,130413,62170216,45.5,3820,2517
CSM5FZ4M,26976,322343,46599858,46.55,10347,725
HSM67VFH,17114,181058,28444808,45.91,18348,285
CSM9X23N,32744,260230,49647273,45.78,3955,1661
CSM9X21R,33843,186437,50217238,46.6,9039,971
HSM67VDT,33499,328803,59396677,46.05,4368,1980
PSM7J18G,45024,173939,59620549,46.92,3651,2397
PSMA267F,56360,419439,57893586,47.32,1657,3799
HSMA33JN,41684,393972,69268219,45.99,4900,1747
MSMAPC6O,79287,126267,75548345,46.58,1332,11629
HSM7J4N6,44361,171528,46771903,45.82,1558,4089
HSMA33QO,32478,253178,31637781,47.07,1509,1870
HSM5MD3Y,34297,96648,27784513,44.64,976,5286
MSM79H9C,59252,343662,59733464,48.77,1488,5812
MSM9VZGO,74392,404028,61792979,47.12,980,10330
CSM79HID,25432,413156,50872604,43.57,17939,431
CSM7KORU,30474,182977,51807283,46.44,5061,2026
CSM79HKX,41872,289791,74563387,45.01,11265,1129
MSM9VZES,45633,180401,58440789,46.34,3981,1847
CSM7KOPI,37064,456031,56014653,44.69,3711,1936
MSMAPC55,86240,281344,81196489,46.17,1350,7416
HSM7CYZD,18802,63776,19008087,46.7,1513,2501
HSM7J4OP,25789,205879,31058358,45.34,2645,882
PSM7J13M,28728,247963,50316991,46.04,6887,1022
CSM79HRE,30579,481297,35634218,45.36,6937,465
MSM9VZEK_TR,16835,338783,16118154,47.59,1356,1950
MSM6J2IM,65447,308758,69570738,45.53,1856,4992
HSMA33R5,43091,465739,67750829,46.51,6239,1211
CSM79HPA_TR,49301,219601,65375084,45.58,3450,2541
MSM9VZHX,44276,241232,55998366,45.85,2271,4158
HSM7J4I9,44527,318732,66241948,47.79,3257,2814
PSM7J1CG,35379,307365,59572257,44.77,6344,1048
HSM67VI7,46751,243624,59410463,45.64,2426,3286
CSM79HM1,46960,435766,61934486,45.11,3360,2274
HSMA33MA,40828,277100,38615847,45.77,1261,3225
PSM6XBT1,40405,226446,43909799,46.68,1849,3711
CSM67UF5,43932,36097,37857003,44.7,1143,6388
CSM79HG5,20987,422290,39064716,45.26,11057,499
HSM7J4IQ,45647,371287,59851246,45.95,2880,2412
HSM67VHQ,26900,135647,49888060,45.16,7283,1269
ESM7F5CB,45245,445774,58498827,44.72,2324,3241
HSM7J4KM,37206,145614,48153648,46.9,3582,1944
MSM6J2OL,26357,269768,33873353,44.04,2732,1500
CSM5MCX3,77830,315043,84893206,45.79,1723,8788
CSM79HNK,28556,391810,43962899,46.35,6624,702
HSM7J4QB,28681,212901,32618381,45.89,2353,1854
CSM7KOQ1,29404,60926,22082470,47.26,880,6025
PSMA265D,15824,334892,20340247,45.86,7769,252
MSM9VZF7,53501,1379059,75767837,46.59,4132,2460
HSMA33JP,52700,434657,76155795,45.71,4059,2174
CSM9X21L,35865,218469,48368534,46.53,4703,1451
MSM9VZOI,23097,696819,28508458,47.95,18410,207
MSM9VZMU,88537,383585,113204209,47.24,2702,6542
HSM7J4ON,17768,203045,34516010,45.16,12253,500
HSM7CZ32,17142,432344,38793701,44.75,13925,426
HSM7CYYH,20141,300165,48776949,43.13,19575,482
CSM79HIZ,45534,297190,63003100,47.0,3490,2648
CSM7KORK,58034,285751,79487536,44.72,3459,3563
MSM9VZEM,35605,394881,40144442,46.37,2131,2590
CSM7KOPW,26737,285008,39515939,44.77,4679,1083
HSM5FZBZ,23484,160536,25345376,44.53,1643,2457
HSM6XRS8,192,4965,110584,34.7,605,59
CSM9X1XU,35407,138223,49468782,45.14,3090,2172
ESM5MECQ,37883,226784,55150002,46.31,3369,2505
MSM79HDE,45206,471267,51177750,45.3,2415,2473
MSMA26AL,47179,99721,41616894,46.47,1299,5248
MSM6J2HD,5428,240913,22345550,44.09,36951,139
HSM7J4MK,38282,308714,55559018,46.03,4651,1795
PSM7J12D,16870,220026,39133435,44.88,21043,423
MSM79HFY,81710,390114,99747906,47.81,2624,5716
HSM7J4NY,52797,281692,76717775,47.92,3489,2848
MSM6J2RK,110189,152968,110015240,46.55,1476,11180
CSM79HJQ,1624,24878,822200,41.8,448,468
MSM6J2SE,49166,382365,74356848,46.13,7742,1549
MSM9VZFF,86583,433599,90008144,50.01,1553,7881
CSM79HHM,68670,581793,87644807,47.89,3845,2236
MSM6J2PW,46495,288432,42796193,45.89,1287,4379
ESM5MEC9,13452,412865,39570992,46.08,24514,314
PSM7J19N,68969,222365,60536193,45.99,1095,8590
ESM5MEB7,58872,59739,53627789,48.16,1322,7046
CSM9X1Y3,45706,175193,58856875,45.51,2624,3128
CSM9X22G,69206,362943,88739118,46.4,2939,3449
HSM67VGA,43016,152874,50840084,47.01,1864,5004
HSM6XRQU,20237,392135,42847065,44.52,17224,495
MSM9VZLB,85038,265389,116401456,45.45,2998,7650
CSM67UAU,63492,284921,87175090,47.2,3346,4411
HSM6XRSI,10417,260976,17284263,48.56,19490,157
HSM7CZ3C,37253,239017,54549759,45.97,5469,1469
CSM79HP6,71242,273501,85296532,46.53,2169,5989
HSM7CYY9,25718,373363,51120467,45.86,21908,422
MSM6J2Q1,86389,276973,98083680,47.41,1932,6518
PSMA264S,31646,210050,38343341,44.36,2446,2384
PSMA266O,38560,420121,53857117,45.85,3892,2265
MSMAPC5Z,74885,145619,73272610,47.41,1555,6058
MSM79HBZ,9563,225891,16401698,47.44,4686,496
HSM7J4JZ,12636,8949,8371880,46.64,731,3262
CSM7KOMP,75109,601544,86251738,45.87,2025,6877
HSM67VHH,26631,342243,38094264,46.12,3254,1612
CSM7KOOL,53245,355784,69721745,46.32,3009,3879
MSM79HAH,55518,615319,56788903,46.88,1492,3550
PSM7J15U,17090,283482,17093986,46.04,1509,819
CSMAF72L,29477,121363,38940444,46.28,3351,1915
PSMB4MBI,44448,357121,53206545,44.61,1959,4276
HSM67VIF,44807,168683,38796164,46.37,1099,5920
HSM7J4PU,26831,277811,39105849,45.51,4619,1013
HSM5MD4O,38886,185415,62445529,46.35,4224,2616
MSM5LLDK,34728,256723,44579094,47.61,3100,1890
PSM6XBV4,19126,356685,21472863,46.28,2486,428
MSM79H7C,40113,405536,72778535,45.59,9242,1320
PSM7J1BP,21073,195534,23697374,49.78,1864,1732
HSMA33MX,206,4062,105010,43.17,488,60
HSMA33OD,45807,259320,63839586,46.07,3447,2350
HSM5MD75,8806,17282,6379386,47.6,843,1906
HSM6XRUV,28749,305673,59184293,46.74,10144,889
MSM9VZIO,41021,230829,32417948,49.0,926,7236
MSM6J2RU,113990,302095,118326713,47.42,1619,10689
CSM79HJO,37726,267991,52049230,45.87,4446,1947
MSMA26AR,52467,199498,47571555,46.48,1212,6634
HSM7CYXA,46538,490666,53828656,45.46,2500,2684
MSM79HEU,48706,599126,60308564,46.03,2370,2876
PSM7J12Z,67408,280160,92313377,45.96,4236,3008
CSM67UB1,50332,289787,65479740,47.19,2744,3395
CSMAH393,33979,236099,47235257,46.15,9265,738
HSM67VF9,27067,441597,37445610,48.93,8456,508
PSM7J186,15853,286257,19739087,47.39,6480,396
PSMA266Q,37485,323784,39905027,47.64,1727,2513
HSMA33IE,13871,176056,38204537,45.3,19737,438
CSM7KOP8,60829,280265,90918075,46.04,4305,2942
MSMAPC5D,59819,228032,64158339,46.75,1777,4197
HSM7CZ1A,75227,231760,92022054,47.27,2531,4805
HSM7CYZ5,13075,468738,30846176,45.56,43616,158
CSM79HR4,12550,164400,22615313,41.97,5368,642
HSMA33PX,41303,227039,51511074,45.11,3351,1990
HSMA33RD,29048,321767,35282818,46.81,2399,2163
HSM6XRQK,30672,266627,47519917,45.82,8024,768
CSM67UAK,33320,456031,44255794,44.87,3898,1165
PSM6XBSO,28703,64560,20921536,45.4,784,5572
PSM6XBQS,44084,120925,51834827,44.47,2152,3916
PSM7J19P,71323,222367,72729064,46.88,1609,6177
HSM67VEC,15634,528340,18453472,49.62,8992,231
MSM5LLDU,50,5699,39454,43.43,1565,7
MSM9VZH7,44481,108788,42211206,45.95,1366,4969
HSM6XRV2,35859,63157,32426139,45.39,1137,6278
HSM5MD6M,20020,484949,32263831,47.35,6675,786
HSM7J4PK,180,1893,89954,40.89,526,54
CSM7KOTS,49152,178230,50783762,47.08,1658,4662
PSM7J16Y,75783,182296,75163728,47.79,1481,6079
HSM7J4JD,34779,310703,55839057,45.31,5674,1455
PSM7J1A4,57929,215788,54692752,47.47,1365,6013
MSM6J2LY,84529,381953,90138857,46.72,1804,8068
CSM7KOOR,0,0,0,0.0,0,0
PSM7J15K,49181,455077,47070488,45.95,1268,4971
CSM67UFZ,50959,427104,69630534,46.02,2638,3943
CSM67UDF,36728,212184,48539463,45.44,2634,2413
CSM79HGZ,56383,414563,68951890,47.41,2221,3842
MSM9VZIQ,59832,282510,65239001,48.1,1733,5378
MSM9VZPL,32049,613699,63156203,47.17,11009,829
MSMB4LXY,75713,425524,106215257,45.01,3788,3387
MSMA2688,56746,545644,47955636,45.67,1010,8166
HSMA33LH,22003,537748,25311376,46.41,2007,1469
HSMA33OZ,43029,131809,56653386,45.62,3235,2230
PSMB4MC1,41793,367134,67232676,47.95,7121,1383
MSM79H5A,60426,433597,54821948,47.89,1219,5663
PSM7J161,19377,366393,50445466,47.49,18871,586
HSMA33LP,58986,465713,85583708,46.06,3929,2632
CSM5MCXD,50589,422288,50150875,47.64,1375,4619
PSM7J1BV,49769,280866,64658344,44.99,2555,3332
HSMA33RX_TR,43589,451820,62254665,46.69,4379,2141
MSM79H7E,50333,132107,67364562,45.38,4045,2453
ESM7F5C5,29841,307395,35476539,47.83,2627,2096
MSM79H5Y,46528,241001,72140222,47.28,5500,1793
HSM5MD73,64010,219279,83159472,46.32,2333,6155
MSM9VZPT,97065,480479,91033192,48.54,1274,12671
HSM7J4PS,32748,383929,61346856,46.52,5661,1803
CSM79HOZ,53888,408236,80311844,47.09,5486,1948
CSMA8M9R,77901,598588,102812915,46.87,3770,2618
CSM7KOTK,53683,198467,63166834,46.34,2438,2904
MSM79HCR,26714,715510,28562858,45.07,2067,1380
MSM79HAN,104406,224457,89582321,49.35,1063,15454
MSMA26DG,25007,158433,44187419,49.79,5910,1638
CSM7KOOJ,75157,527842,95396614,46.5,3091,2781
PSM7J15S,62855,283565,57994754,46.38,1259,7295
PSM6XBV2,37268,260036,40718360,44.8,1915,3067
MSM5LLDM,29000,318723,49845027,46.11,9378,801
MSMA26AZ_TR,45444,277818,56544798,47.02,2499,2834
MSM9VZJ3,41009,520168,60295232,46.86,6758,844
ESM5MEDF,57225,219551,56084509,46.11,1495,5685
CSM67UAS,41577,456031,59943482,44.39,4949,1595
HSM6XRQS,11486,401553,36548764,43.57,27641,284
MSM9VZLD,76357,112218,70037283,45.38,1188,10033
MSM9VZNX,33957,447395,59201481,47.14,10141,695
PSM7J19H,20237,89043,22565693,46.22,1882,1632
CSM9X1Y5,57185,391655,76329394,46.37,2809,4294
HSM67VGG,58438,243891,63407128,48.97,1878,4117
MSM6J2Q7,56319,320139,63729249,47.1,2179,2948
PSMA264U,54415,246728,58660359,45.19,1658,5015
PSMA266I,64216,420120,62741272,47.98,1441,6791
MSM79HF7,70619,163955,80877578,46.6,2361,5487
HSM7J4O9,53520,254976,84919280,46.7,4623,2771
MSM6J2K8,67357,121964,58441280,46.84,1129,8649
HSM7CZ3E,55909,440316,58373503,44.9,1763,5216
PSM6XBR1,56045,191436,75626677,46.88,3197,3965
MSM79H8L,33073,274147,54437545,46.7,5550,1256
CSM9X1ZO,48270,314078,81224511,46.91,8758,1266
MSM9VZNH_TR,48255,256955,47498297,44.81,1495,4936
MSM6J2RM,40372,226145,60049272,47.23,3788,2066
CSM79HJW,10380,326121,39156305,46.31,36768,264
PSMA2653,35006,345192,50954750,45.3,4692,1148
CSM79HQV,16277,164269,34626434,43.31,12272,516
MSM79HDC,43052,354862,46583103,46.66,1744,2491
CSM7KOJG,21840,502515,57240321,47.27,28662,369
MSM6J2HB,0,0,0,0.0,0,0
MSMA26BX,58367,283322,59543365,48.04,1518,5091
PSM7J12B,25823,235874,50751931,45.38,6182,1248
MSMA26CV,19559,336655,46583596,45.97,22994,338
HSM67VCZ,22066,283111,41645220,46.37,13549,478
MSMB4LZC,45345,199087,40643201,44.9,1117,5261
PSM6XBTX,31979,428464,37870074,47.7,4480,943
MSM9VZIW,42131,237091,49134188,48.85,2076,1926
HSM6XRUN,30641,202634,52116073,46.15,13447,720
PSMB4MC7,34564,209765,33504241,43.92,1609,3311
CSM7KON2,45758,192103,52743448,48.06,2306,3265
PSM7J1BH,0,0,0,0.0,0,0
CSM67UEW_TR,48579,95296,41006634,49.5,1062,8469
MSM79H5G,73141,193939,68741265,48.72,1383,7314
PSM7J179,3935,135408,5219129,43.81,15278,83
CSM5MCZF,52546,473746,54080004,47.01,1596,4645
MSM5LLDS,30929,235445,35306623,45.17,2290,2159
HSM6XRV4,47743,156224,68984025,46.21,5679,1916
HSM5MD6K,33637,303605,51488724,49.76,4353,1948
CSM7KOMH,20221,381075,28917855,45.27,3602,496
PSM7J1A2,55713,283280,58062751,46.69,1587,6239
MSM79HBB,66505,223171,82517188,47.23,2929,4133
CSM7KOOT,9754,159392,26706604,42.15,9098,674
HSM7J4IP,38454,354950,60505797,45.98,3971,2260
PSM7J15M,23227,283456,29320037,44.2,3289,1602
HSM7J4PM,56346,145224,55978169,48.94,1460,6621
CSM67UDR_TR,31048,178772,39882035,44.66,3042,2101
CSM7KOTU,47996,178229,58037197,47.32,2117,4352
CSM79HR2,24748,159392,32689657,44.58,2900,1858
HSM7CZ1G,31766,116606,37313459,46.55,2595,2214
HSM7J4L5,22969,215219,36143969,43.94,12634,445
CSM79HI3,24994,1160286,60511640,45.87,7392,1428
PSMA264K,31909,356310,56756342,48.49,5909,1319
MSMAPC5B,25473,275104,30187195,46.43,2281,1263
HSMA33IC,48188,527839,62503923,45.72,2951,3013
HSM67VEE,30183,522277,41520381,46.29,3781,1219
HSM67VGY,65377,463155,79821979,46.97,2933,4074
PSM6XBSI,41873,264106,54080176,45.86,3445,2217
CSM67UAM,28124,413156,47472507,43.77,17833,420
HSM6XRQM,40141,241829,56973602,46.07,4388,1760
MSM9VZLZ,236,4643,116700,35.81,486,71
PSM6XBQU,79118,182984,78302614,45.65,1432,9088
MSM79HES,86870,311443,92609050,46.59,1639,8054
HSM7CYXG,22821,358937,39727043,45.53,11079,651
HSM7J4MS,30188,239414,49036073,44.89,9289,667
MSMA26AT,60414,120691,58117352,46.55,1349,7444
CSM7KOJY,23967,388589,42518863,44.24,31829,257
MSMA26BF,84272,145192,78790685,46.6,1243,12256
HSMA33P6,41795,458849,60147842,45.19,3307,2578
HSM7J4NA,63991,173197,73018847,45.89,1790,5787
CSM7KOQX,47503,165760,51837338,45.53,2004,3843
MSM6J2RS,39950,69188,31683439,45.2,943,6482
PSMA2671,39667,233734,47926886,46.74,2138,3432
CSM79HHU,59176,749692,73759075,48.28,3093,2894
HSMA33J9,69305,479339,62986528,47.22,1207,7840
MSM6J2PO,39270,333510,40366910,46.68,2031,3050
CSM9X1ZQ,38542,336437,77267923,47.0,13009,1078
ESM5MEBG,36056,234755,46196036,46.53,2240,3190
HSM6XRR7,53427,244121,50648222,49.81,1417,5956
CSM5MCUO,67037,279717,86316931,45.1,3276,3281
HSM67VE4,12694,160536,13786556,43.65,2838,673
PSM6XBS8,40477,301718,49125458,45.99,2772,1892
CSM79HRC,48289,481297,57364141,48.46,2774,1938
HSM7CYZB,10839,518669,25700449,46.26,5611,624
HSM7J4OV,11332,317091,15123906,42.62,33783,82
HSM7CZ16,26356,122288,27648100,45.66,1587,2716
PSM7J13K,27098,266112,44094679,44.79,11141,631
HSM7CYYP,4610,352102,23192712,43.47,25852,200
HSM7J4LD,10467,470293,29407292,44.29,49298,137
MSM6J2IK,69235,308936,80579043,46.73,2182,5303
CSM7KOKN,30922,178581,46864605,45.18,3927,2002
CSM7KORS,37072,168944,59248418,45.26,4873,2211
CSM79HIB,29036,436231,51454074,45.05,8333,621
CSM7KOPO,42971,457438,58139715,45.57,3013,2680
MSM9VZEU,50814,582193,54649752,44.83,1570,4452
CSM9X23H,28819,178140,50644351,45.06,7321,1149
CSM9X21T,47285,162754,50699002,46.48,1867,3623
CSM67UBF,22737,173121,37042487,45.65,4438,1419
MSM9VZOQ,32077,643056,42287071,45.5,2848,1975
MSM9VZMM,49909,383580,82568759,46.24,5333,2106
CSM79HQ9,28206,477611,28410532,49.03,1487,2030
HSM7CYX6,59756,528185,78393747,45.26,2530,3496
MSM6J2J1,28382,282423,58572370,45.21,11061,984
PSM7J1B9,41684,385319,54845746,45.05,2585,2861
HSM7J4HG,41225,104482,39508882,48.15,1349,3807
MSMA26EN,37384,340492,33078150,45.07,1082,5919
MSM6J2MH,53334,303968,74404701,46.08,3681,2843
PSM7J16F,24341,297873,45617871,45.32,6588,1118
CSM7KOUB,48369,336437,68744348,46.46,3986,2577
CSM5MCZ7,41903,668399,37386896,48.37,1058,4263
HSM7J4QZ,58954,213563,74607802,47.65,2924,4454
PSMA269G,42204,376999,42386386,48.5,1547,2908
HSM5MD4N,39369,130413,54760447,46.51,5400,1620
MSM79H6L,118130,135087,109093377,46.26,1183,14777
MSMB4LZZ,77513,187895,76609366,45.82,1564,7373
MSMB4LYH,82613,138425,77767508,46.66,1354,12108
CSM67UDY,33702,217998,34837233,45.08,1547,1881
CSM67UEW,45888,126445,38210052,49.01,1040,7865
PSM6XBUO,43217,298577,68775037,47.54,5284,2275
CSM7KORM,54035,237143,60026245,46.3,1991,4582
MSM6J2QF,53125,318065,63768836,46.48,2170,3037
MSM9VZGW,54947,364596,59883560,47.89,2137,4185
MSM9VZEK,29672,280290,29654834,44.94,1389,1465
PSMA2668,27393,326712,46942636,47.48,6871,1047
CSM79HPA,47370,134064,58566211,45.45,2125,4472
MSM9VZL5,57288,326241,75120528,46.82,3159,2919
PSM7J199,39310,487541,60853971,47.01,7267,1032
HSM7J4G8,58568,461161,65676509,46.65,2107,4303
MSM9VZF1,20083,250094,34009528,45.93,7304,671
PSMA265B,21827,345192,34559549,45.79,5870,541
HSMA33SK,79189,474669,76326579,47.96,1376,8726
MSMA267X,93171,203976,76934678,47.46,1026,14805
CSM67UBX,46087,325970,55406231,46.34,2937,2287
MSM9VZOO,16203,456780,31695665,44.82,11004,394
MSM9VZMS,84256,310459,87715076,46.77,1556,9826
HSM7J4GP,61007,218391,74192234,46.67,3147,2892
CSM9X21J,36866,130940,60108128,44.61,7710,1405
PSM6XBT7,25365,296257,34734331,44.22,3236,1579
CSM79HNM,54377,393604,80061125,46.61,3566,2984
HSMA33O3,7060,56941,7819088,43.23,3907,392
HSM7J4QD,10066,44813,5750466,51.66,584,2963
HSM67VHW,43058,159261,60693394,46.03,4857,1683
HSM7J4HY,35806,328803,59344881,45.51,5091,1706
MSMA26EP,2120,40900,992488,46.75,427,688
HSM7J4IW,50560,320180,57444374,47.02,2096,3879
CSM7KOLA,79553,289403,87048508,46.54,1679,7559
MSM79HCK,32112,715510,40576511,49.02,6413,475
HSM7J4KK,94367,430184,99218862,46.4,1632,7019
ESM7F5CD,44746,458754,63634922,46.98,5934,1641
MSM6J2OJ,49086,267791,51748964,44.72,2115,2343
PSM7J17V,45753,235640,55074574,43.9,2662,2991
HSM5MD48,22316,555179,33249395,45.57,26701,197
HSM6XRTG,36078,334696,34792979,46.14,1433,3177
CSM67UEI,38482,582145,77788562,47.65,9165,1188
MSM9VZJB,40206,357488,53792518,46.75,2896,2455
PSM6XBUQ,44976,342026,73497788,46.29,5623,1839
CSM79HM7,59469,437844,71820540,45.09,2461,3434
HSMA33MG,12055,10811,8915271,47.16,854,2951
CSM5MCYS,46755,304367,64234112,46.63,3342,2473
HSM67VI1,33502,203139,47898716,45.37,4382,1630
MSM9VZNH,59385,271273,59455008,44.68,1620,6292
MSM9VZLT,69096,143768,55918409,47.14,963,9992
HSM67VEK,36481,189774,57685827,45.88,3688,2873
PSMA266Y,28845,224534,43299006,46.71,3569,2279
MSMAPC5L,57809,368927,59733953,46.69,1691,4849
HSMA33KQ,26355,232809,35278432,48.16,5083,1140
MSMAPC7P,33423,176936,39640663,44.73,2352,2012
CSM7KOK1,30880,483738,51934422,44.45,13251,535
HSM6XRR9,0,0,0,0.0,0,0
CSM67UB9,18552,523779,35356298,46.79,31194,207
ESM5MEBI,36751,226784,56605560,45.6,4799,1729
HSM7J4G1,34293,423530,41108207,44.58,4980,815
CSM9X237,37040,140134,54313658,49.62,4236,2101
HSMA33J7,49057,479128,59342777,47.38,2463,2677
MSMAPC66,77417,95075,57729137,47.23,849,13189
CSM7KOSJ,6517,381075,14100625,42.76,37854,93
HSM7J4NO,39604,186897,40480253,46.36,1549,2939
PSM7J12R,9609,795596,19824045,44.93,64752,61
MSM6J2JN,49486,568047,70152652,45.78,3495,2955
MSMA26BH,68619,161508,71121319,45.85,1668,7758
HSMA33Q6,25320,310699,40418394,45.31,8759,615
MSM6J2HR,52665,318065,74870426,46.15,2528,4292
CSM7KOJW,22745,413156,44356492,44.06,16959,422
MSMA26AZ,43373,216001,59611373,46.32,3057,2703
MSM79HDS,39924,280251,33551981,45.97,986,5004
HSM7CYXI,15364,171788,21081984,43.88,2482,1505
CSM79HQF,30038,596099,26901670,48.59,1085,2811
HSMA33OR,12562,53080,12763925,44.24,1591,1656
CSM5MCXT,42954,313260,37041342,44.38,1049,6969
PSM7J177,54,1894,25643,41.5,478,17
PSM7J169,22556,237356,48211841,43.57,10248,823
PSM7J1BF,40741,416939,69127972,44.77,4615,2048
CSM67UDN,37410,242666,47330564,44.91,2941,1706
HSM5MD41,35165,395114,59794385,44.95,10230,829
MSM9VZIY,21126,342207,48937486,46.68,14998,518
MSM9VZKE,62205,325314,74034678,46.37,2140,5137
CSM5MCY2,56198,321538,50500377,47.5,1209,5930
CSM79HOJ,45096,473749,64100046,46.79,4020,1807
HSMA33N4,167,59256,190621,40.64,4217,5
HSM7J4PC,37335,41885,27142285,47.29,814,7477
ESM718V8,56883,96432,56329773,46.47,1488,6957
MSM79H63,29487,300721,54117058,45.43,6478,911
CSM7KOOZ,24345,159392,37519955,44.77,3601,1815
MSM79HBL,67841,357751,73913910,46.77,1777,5344
HSM5MD7K,32799,529186,57355461,45.73,6862,865
HSM5MD4Y,35848,316772,36161653,48.11,1717,2774
HSM7CZ2E,50173,276385,63766089,47.19,2550,3338
HSMA33RR,11508,287175,12303662,48.6,1673,931
MSM6J2K6,87218,161548,83652498,46.81,1435,9715
HSM7J4O7,66032,261579,99662677,46.84,3872,4138
HSMA33PN,72898,211996,69576973,47.92,1409,7253
MSM79HF9,56639,176431,38756221,48.81,691,10833
HSMA33IS,20714,18136,14535584,48.04,800,4428
MSM6J2Q9,22563,273783,51377850,45.44,22732,490
HSMA33KO,35448,310778,53283082,44.84,3495,2563
CSM7KOR2,41272,183437,56628247,45.05,4106,2150
HSM67VEU,48165,324327,71309415,47.14,6091,1544
PSM7J19F,21132,236970,21533772,45.09,1601,1614
MSM9VZLJ,106658,410852,93644644,49.19,1095,15391
MSMA26CX,34775,305018,55523775,45.51,11897,651
MSM6J2JP,41639,463874,39284023,45.9,1357,3087
MSMA26BV,51214,192559,51500225,47.33,1465,5574
MSM6J2HL,8065,240913,27328105,43.8,32670,194
MSM79HDM,42246,286888,46419231,46.2,1761,3390
HSMA33S4,38248,465739,54761508,46.29,4339,1476
HSM7J4MC,56625,162127,74125170,48.39,3060,4319
CSM79HQX,13708,159392,30416314,43.26,7207,851
MSM9VZFN,49347,196450,56785953,45.99,2207,3548
CSM7KOST,21418,299518,31273907,44.07,7966,409
CSM79HJY,17684,203080,42633846,46.74,10089,805
MSM6J2RC,41332,230285,55611354,48.1,4929,1543
CSMAE44D,69366,554819,86843447,47.6,2676,4462
CSM9X215,37172,273638,63908635,44.8,7547,1195
MSM79H8B,28153,746009,41611613,48.89,7115,1002
CSM5MCWC,22473,828070,33527414,44.08,5249,739
MSM79HC4,72229,336472,76915702,45.18,1745,6796
HSM7J4K4,928,5688,441928,46.96,433,291
PSM7J1BX,31485,300036,51764279,46.34,7927,968
HSMA33OL,38768,186898,49025912,44.06,3105,2039
CSM5MCXJ,36475,220824,48282101,45.3,5635,1161
CSM79HN2,88435,954955,107300559,47.75,2371,6439
HSM5MD7U,26245,276787,39088766,46.42,4582,1168
MSM5LLDC,30736,235445,49535532,47.6,4499,1705
HSM6XRT8,43573,348259,56874491,47.61,3405,1855
CSM7KOOD,33017,481297,49386882,46.35,6634,996
MSMA26DI,50194,326241,68872524,47.67,3981,2264
MSM79HBR,26426,359346,31607043,49.06,2292,2106
CSM7KOMX,46440,278843,56177621,48.05,2838,2642
CSM79HOT,45131,244007,59397649,47.9,3850,2305
HSMA33M8,29919,343760,39394043,43.29,3848,1549
PSM7J17X,17709,209877,15723246,43.01,1102,2160
HSM7J4HW,54995,328806,76006220,47.99,3193,3346
MSM6J2LV,40503,274000,66709916,45.43,7917,1407
HSM7J4QJ,12,944,4957,38.63,369,5
MSM7J16P,59860,311603,67691324,46.48,1831,5736
HSM5MD5P,29697,535773,56055569,46.51,17936,446
MSM9VZI6,45325,301969,42168931,47.17,1131,5264
PSMA269W,43981,417164,54461550,47.8,2682,2888
PSM6XBT9,14964,38442,12493979,42.88,1033,2689
HSM67VH1,45618,401360,61600476,45.64,3797,1941
CSM7KOO5,25980,481297,37274371,45.92,7408,474
MSM79HA1,119092,126844,110226813,46.57,1233,16459
PSM7J1AS,24971,278672,51252099,43.51,8898,916
PSMA263S,26681,467521,35105226,44.37,3059,1170
ESM718TK,23654,90236,28884395,48.1,3196,1412
HSMA33MI,5459,7513,2580341,45.52,459,1911
CSM67U9H,16434,143704,15925089,44.46,2521,692
HSM6XRVU,42307,541800,46661999,48.02,1903,3498
PSM6XBVM,35206,247544,49293402,45.34,3443,1984
MSM9VZHP,50553,450056,58096894,46.85,2105,4617
HSM67VG8,60771,512419,78107045,47.29,3213,2791
HSM7CZ24,49049,256398,56133257,46.6,1738,4584
CSM79HPO,3247,42136,1587564,43.35,470,1080
HSM7CYZR,64643,326648,83504681,48.38,2557,5260
MSM9VZGY,39229,183540,38995614,44.71,1519,4003
CSM79HIR,65787,284969,76519426,45.42,2316,4986
MSM6J2QH,58143,318065,79054251,46.63,2751,4110
CSM7KORC,44840,147049,49273988,45.0,1690,4831
PSM7J18Q,33144,582611,53641436,45.77,8912,775
MSM79H83,46129,715510,57192356,49.07,3027,1661
HSM6XRRV,41927,287730,48209967,46.91,1887,3662
HSM6XRSX,64488,287612,75875837,48.56,2113,5190
HSMA33QY,35372,308174,51263104,45.3,3687,2100
MSMA267V,99244,203974,85275953,47.73,1071,13660
HSMA33SE,75919,667547,86200060,47.43,2095,5669
CSM79HH4,44065,128869,49957859,45.82,1968,3083
PSMA265L,58457,286263,74436833,45.38,2847,3968
PSMA267P,36072,211308,62765435,44.39,6258,1861
PSMA26A3,35058,267250,45950045,47.72,3646,1795
HSM67VGK_TR,30121,334696,42178436,45.2,5525,1165
MSM6J2R2,26869,160372,34179963,48.57,2764,1490
HSM7J4QT,25879,237567,30221034,46.79,2622,1993
CSM79HLA,75692,270202,90243699,47.28,2091,6088
MSM7J16N,45170,99721,47625859,45.63,1795,4994
CSM7KOUL,38952,174073,46793780,45.01,1936,3380
HSMA33L1,71354,213102,60545810,46.22,1037,10029
PSM7J17F,453,167146,5387090,57.37,40314,38
MSM79H58,77955,343669,69184877,47.22,1167,9586
PSM7J16H,388,2546,175152,47.86,413,129
MSM6J2MF,38269,289763,58046768,44.75,7522,1170
PSM7J1B7,30795,311951,50725683,44.6,6640,1092
HSM7J4HI,62938,153674,64043666,47.25,1585,5615
PSM7J14T,47856,232546,45912643,43.51,1463,3956
MSM6J2LH,39496,290492,43811073,46.19,2228,2313
HSM6XRVK,36429,187861,49868871,46.43,3755,2265
PSM6XBVS,23859,385319,47482352,44.09,19773,455
MSM9VZHN,35511,600782,69494585,48.75,5723,2081
PSMA263M,38223,795595,46934317,46.08,2088,3261
HSM7J4P2,41596,347451,67532967,46.51,8773,897
MSM79H6B,31150,326842,61753853,46.07,10394,1003
PSM7J1AM,25704,235658,40455707,43.79,9431,684
CSM79HIL,33196,456031,44365826,44.58,3169,2009
MSM6J2IE,34221,371175,54150118,46.75,7687,991
MSM9VZMA_TR,31129,196301,52196770,45.24,3886,1868
PSM7J13E,57609,137337,64839724,45.82,1887,5883
HSM7CYZL,54559,320375,67136934,47.51,2625,3079
HSM7J4OX,68981,317091,64550195,45.79,1237,8202
HSM7CZ18,31549,96110,34428015,47.08,2388,2229
CSM67UA2,24878,422290,36420192,47.99,28865,233
MSM79H9K,78684,441398,75266658,49.65,1386,7726
HSM67VD4,20269,425439,35416221,46.34,7894,586
MSMAPC6G,37050,340216,65253541,46.49,9493,1015
HSM7CYX8,59573,490666,70089294,46.98,2434,3375
MSM9VZMC,37221,152257,50496914,45.43,2433,3400
CSM67UBH,23412,555500,51715953,45.55,18919,556
HSM67VDP,9291,575865,19315018,47.07,83193,64
MSM9VZMO,63181,236246,80360060,47.28,2601,5040
MSM9VZOS,26595,508124,39194016,50.87,6875,805
HSM6XRRD,31831,192258,37506157,46.17,2026,1984
MSM6J2J3,59933,318274,64055419,47.02,1951,4219
PSM7J1DL,74782,184089,76758366,46.43,1489,8484
HSM7CYX4,40866,528229,65627359,47.04,5743,1502
CSM7KOS7,74154,469783,81488049,48.83,1798,6398
MSMAPC6K,103781,151118,111329381,45.34,1691,11598
MSM79H9G,75054,386847,76508678,49.81,1546,7483
MSM6J2II,51649,185685,45462185,49.29,1155,6781
HSMA33R1,35385,465739,59526998,45.94,10758,647
HSM7J4LF,7618,395453,26688006,44.43,52875,130
HSM7J4OT,23180,409742,22505571,48.81,1364,1379
HSM7CZ14,14105,333462,23540998,46.71,13658,211
PSM7J13I,41656,345191,61826742,46.74,5590,1625
MSM9VZEW,35481,582193,49274226,44.57,3915,2033
CSM7KOPM,38445,574751,55436200,44.57,3444,1825
MSM79H6N,107273,228319,114810257,47.27,1744,11052
MSMB4LZX,69100,84550,60330448,46.57,1221,8901
PSM6XBUM,54357,222887,81444041,47.26,3774,3228
MSM9VZHB,47086,649273,58616205,46.66,2572,3492
MSM79H54,65692,510818,62467766,49.14,1314,6016
MSM6J2MJ,26961,289763,33349973,44.38,4172,702
PSM7J14X,72306,150191,68537147,45.69,1314,10259
HSM67VHK,17916,38073,14203876,41.02,915,3789
HSM7J4HE,32382,125450,36396336,46.25,2835,1463
CSM7KONA,27138,71565,19303948,44.91,818,6462
MSMA26EL,29254,323614,28537787,43.97,1325,3661
CSM5MCZ5,49105,556750,49128881,47.66,1424,3994
CSM79HLM,37220,335623,49196400,46.11,3367,1668
HSM5MD5B,71087,274542,87093302,46.82,3061,3573
CSM79HH8,57750,153979,60445575,47.76,1793,5106
MSM9VZF3,29488,344836,47778401,45.77,6822,883
HSMA33SI,49596,185694,54334144,46.99,2733,2629
MSM9VZOM,30790,644578,33777409,49.27,2404,911
CSM67UBZ,39864,326128,64360594,46.61,5377,1830
HSM6XRST,40362,153489,70003888,46.65,6989,1806
HSM67VEM_TR,35837,490670,51895842,45.68,4816,1522
HSM7J4GR,41689,302896,52367580,45.75,2504,2676
HSM67VFR,12024,470304,29647192,43.85,44244,145
CSM79HKB,60539,249557,61272129,46.32,1485,7631
CSM7KOPS,47508,289099,67307100,46.43,3878,2355
MSM6J2QD,37656,308799,57580594,46.9,6590,1152
MSM9VZGU,56039,315010,46595508,46.45,1049,8378
CSM7KORO,34686,162474,32159775,45.67,1207,4983
HSM7CZ36,43410,305029,59792854,45.58,3992,1762
CSM7KOKR,41985,507581,62366756,46.26,4404,1882
HSM7CZ28,52359,257366,70978521,46.67,2574,4380
CSM79HPC,49059,144646,48359055,45.23,1576,3701
PSMA265J_TR,25514,286262,40216213,45.2,7215,814
MSM9VZL7,70056,101225,70757279,45.96,1480,8682
CSM9X222,55011,178230,61227960,48.42,1772,5574
MSM79H9Y,122986,103340,118604468,47.75,1308,17427
ESM5MECL,22125,226784,49249929,45.31,12716,733
HSMA33ME,13956,17948,10413037,43.26,858,2918
HSMA33NW,48131,785926,50783103,45.52,1741,3812
CSM67U9D,57249,278843,66425351,47.77,2431,3463
CSM7KOO9,22648,481297,46051088,46.0,6540,810
PSM7J1CC,63926,320486,72086898,45.63,1969,6048
HSM67VI3,51312,307882,63590594,46.83,2507,3494
CSM67UF1,50995,192918,51347901,44.94,1483,5400
PSM6XBT5,14553,121156,17100067,43.86,1714,1610
HSMA33O1,24354,94102,17808320,46.16,733,3517
HSM7J4QF,21489,517872,46931663,47.24,17497,424
CSM79HNO,15036,638440,26058462,45.24,19026,211
MSM79HCI,29834,715510,42964965,50.54,6122,629
ESM7F5CF,42001,445842,63613008,46.47,7442,1174
HSM7J4KI,61934,143729,74970288,47.72,2904,3774
MSM6J2OH,11962,269665,19435120,43.47,5360,552
PSM7J17T,47503,248745,59710205,46.8,2588,2938
HSM7J4IU,54936,224066,66954768,47.66,2432,4743
MSMA26ER,33161,71153,25284034,45.13,880,5437
CSM79HOX,64778,301066,79989828,46.66,2537,4066
HSM7J4PQ,30432,361076,51511375,46.03,7310,883
CSM7KOOH,44625,428479,66866077,47.02,5069,1855
MSM79HAL,83210,333923,81800979,49.32,1426,8715
HSM67VIB,50406,258647,67520250,46.71,2786,2808
PSM7J15Q,65764,286256,59693595,44.7,1210,8313
CSM7KOMT,67930,442588,76251466,47.06,2013,4691
MSM79HCP,35901,715510,51678650,49.73,5817,925
HSM5MD6W,20424,271484,35281015,45.51,8543,509
ESM5MEDD,44638,445031,69406686,49.21,5150,1607
HSM7J4Q7,64875,297396,74623829,46.62,2319,4910
MSM79HC8,60618,254017,74967422,46.51,2573,4557
ESM7F5C7,59402,93015,60523645,47.92,1577,6898
HSM7J4K8,13569,65824,17863118,45.53,3609,883
CSM7KOL2,54216,264177,69394926,45.8,2740,3453
MSM79HB6,49143,596106,69583103,45.71,4154,2243
MSM79H7G,40513,349173,68094862,44.93,5812,1938
HSM6XRUR,22953,145631,24967427,46.0,2197,1429
HSM5MD71,55608,146048,55080838,46.41,1405,6419
PSM6XBTD,0,0,0,0.0,0,0
CSMAG78W,37967,742123,55448407,47.53,4106,1686
CSMAHYLR,36023,598587,52227501,47.76,4899,1094
CSM9X219,42482,227606,54017957,45.55,2451,3265
MSM79H8N,40428,224163,46899869,46.93,2728,1690
MSM6J2PS,76902,143585,92847601,45.71,2312,6201
CSM7KOSX,65410,478753,75360461,48.17,2380,4369
MSM6J2RO,89892,102872,77874633,47.83,1091,12809
CSM79HJU,21557,159392,38631990,44.83,6751,971
CSM7KOJE,30712,1109310,54935204,47.25,4959,1448
MSM79HDA,31079,530301,33366891,43.03,1709,3695
MSM9VZNZ,47456,237538,60850039,46.65,2606,2789
MSM9VZLF,73297,61028,63126396,46.57,1106,11260
PSM6XBSU,55588,264830,65584357,45.94,2456,4267
CSM67UAQ,16739,388779,41081148,43.38,41678,216
PSM7J19J,57624,487336,70847710,45.98,2821,3151
MSM6J2Q5,58311,308773,65824220,46.06,2094,3955
PSMA264W,52172,276788,58742392,45.31,1910,4365
HSM7CZ3G,48279,181332,59624513,45.88,2315,4088
CSM79HP2,62611,598588,103897447,46.74,5556,2682
MSM79HF5,97068,164302,101924975,48.45,1671,9618
HSM6XRV6,52161,188203,72520933,47.41,4730,2116
CSM67UG8,70709,334156,84928146,46.42,2068,6482
HSM5MD6I,31139,303605,50796062,48.06,7420,1209
MSM5LLDQ,39410,342608,61913174,46.77,4468,2143
CSM7KOOV,14922,135108,29109552,42.42,5998,1065
MSM79HAR,100813,150272,103558994,48.03,1638,12484
HSM7J4IR,47583,354952,70288931,46.32,3044,3559
PSMB4MBS,46862,555458,55915997,48.22,2584,2285
PSM7J15O,18551,286272,23716692,44.62,2116,1333
CSM79HOF,61763,190667,57018419,46.65,1274,7290
HSM7J4PO,59009,222031,77030289,47.34,2891,3614
ESM718V4,33250,186026,39317511,49.61,2388,2479
MSM9VZPH,50272,354372,69728818,46.71,3602,2667
ESM5MED2,71876,96420,59952637,48.4,1028,11431
HSM6XRUL,51021,345904,64516010,46.11,2806,2948
HSM5MD53,23088,423507,50496460,47.31,16289,467
MSM9VZIU,47273,237091,64941874,49.33,4370,1924
MSM9VZKI,64814,321464,72534592,46.35,1977,5508
MSM79H5E,81946,184180,77096131,47.74,1335,7906
MSM79H7Y,79421,157234,94971737,47.86,2194,7491
PSMB4MC5,31950,224534,38555297,46.38,2498,2002
CSM79HLA_TR,55050,210546,65125413,48.06,2284,4054
PSM7J1BJ,19386,345795,17573959,44.8,1170,3114
CSM5MCZD,68832,473770,76924266,47.07,2341,3866
MSM6J2JB,36676,383788,38155073,45.79,2566,1083
HSM7J4NC,49151,238094,63059432,46.42,2564,2764
MSMA26BD,81386,102576,80106262,46.65,1464,10407
MSMA26AV,42119,193016,52559768,45.92,3497,2375
HSM7CYXE,16898,277540,34184580,43.63,31796,247
CSM79HHW,25480,118423,35235471,43.31,3745,1719
MSM6J2PM,55581,334278,76406108,45.84,3857,2063
MSM6J2RQ,136269,169940,124802906,47.2,1186,18770
ESM5MEBE,31093,226784,41806935,46.15,3139,2131
PSM7J182,43769,318560,41384746,45.84,1259,4084
HSM6XRR5,43629,59457,31447829,47.1,808,9698
CSM5MCWQ,48302,335354,56695578,47.71,2139,2807
HSM7CZ1E,20000,125593,26388397,45.65,5043,821
PSMA266U,38789,231604,41219666,47.5,1652,3822
HSMA33IA,41493,451908,60155263,45.21,4485,1471
HSM67VEG,21972,103983,23083181,47.63,1641,2775
PSM7J19T,72184,233383,63685472,46.3,1100,9576
HSM6XRQO,35056,155339,44296185,44.11,3364,1783
PSM6XBSK,42927,278870,54374909,45.35,2581,2564
CSM67UAO,20404,413156,39720087,43.82,16124,325
PSM7J1AQ,27603,297571,44703972,44.63,12382,518
MSM79HA3,81547,153067,70721382,47.26,1116,11738
HSM7J4I3,25045,316250,49784359,44.89,24106,415
CSM67U9J,39424,422289,42369036,46.12,2061,2251
HSMA33NY,52936,479344,55588158,47.5,1669,4638
HSMA33MK,8376,11176,5441438,42.26,702,2112
HSM7J4R2,55860,303605,63671652,48.78,2167,3931
PSM6XBVO,21714,417117,45933372,45.51,7334,926
MSM9VZHR,36459,627088,50228418,46.93,2934,2459
HSM6XRVW,38423,287730,58084520,44.98,5723,1278
HSM7J4HU,16442,136768,15322047,44.78,1536,1475
MSM6J2LT,59157,464416,85598664,45.86,4806,2529
CSM7KOLM,59627,739089,95972519,46.84,7229,1725
PSM7J17Z,35682,286257,44013865,44.91,2847,2273
MSM79HCG,35502,644684,42031469,47.21,2887,1526
HSM7J4KG,36251,187130,41486971,46.01,2230,2725
MSM7J16R,52717,301015,64988735,46.24,2582,3125
HSM7J4QH,28104,337640,29431227,47.29,1514,3369
MSM79H81,43245,747191,56340128,47.83,2620,2594
CSMACTZP,31207,261874,54300253,48.5,6094,1488
HSMA33SG,52171,239001,46740075,46.93,1184,6201
MSM5LLHC,48651,242281,51938589,49.41,1926,4435
PSMA267R,37003,210050,43006879,45.73,2401,2957
PSMA26A1,43273,292715,64484076,50.31,4089,2192
HSMA33JZ,9475,37606,6973078,44.37,854,2060
PSMA265N,29363,475266,32977790,45.84,2360,1656
MSM79H9W,99207,232190,97544769,48.17,1529,7969
MSM9VZL9,80945,161509,98409325,46.11,2087,8253
HSM6XRS2,20832,541566,16887397,45.39,977,3489
MSM6J2KE,32336,160658,33600787,47.49,1524,2800
PSM7J13Y,37569,243498,65477036,45.9,13664,757
HSM7CYYB,11048,569863,12160226,49.34,1631,491
HSM7CZ26,48304,328804,64110764,47.42,3060,2480
HSM7CZ38,15230,230670,37965377,44.52,18305,421
MSM6J2IY,47117,309645,69198505,46.01,6502,1498
MSM6J2QJ,41169,171898,46150725,47.26,2120,2814
PSM6XBVQ,31430,378582,49636125,44.5,8886,878
MSM9VZHL,36861,105769,29747305,48.82,918,4815
HSM5MD66,32708,241587,39656972,44.55,2223,2442
MSMB4LZV,56461,142253,47821311,46.77,1058,7974
PSM7J1AO,23184,297491,38631491,44.27,14906,408
CSM67UE3,43044,243786,66245074,46.08,5177,2228
CSM7KOUN,32807,161353,57334976,46.1,7062,1296
MSM7J16L,60568,178599,67256801,45.73,2077,4368
CSM79HLC,34822,242763,52744755,46.89,6000,1089
HSM7J4HK,69373,203749,67086712,47.36,1327,7385
MSM6J2LJ,41794,289763,56151727,46.73,3933,1727
MSM6J2MD,54012,288262,68901540,45.11,3140,3128
PSM7J17D,5613,43745,4266193,37.16,884,1347
MSMAPC6E,29272,484896,54873759,46.23,10752,660
HSMA33JD,49476,282808,55351074,46.31,1995,3647
HSM6XRRJ,19830,364379,34107765,47.94,8070,562
MSM9VZMA,33512,369593,62261716,45.23,6123,1650
PSM7J18M,34140,298757,54455181,45.7,6149,1636
CSM79HIN,42562,413156,60186252,45.44,6887,900
MSM9VZEY,61469,540156,71556722,44.79,1912,5143
HSM7J4OZ,38421,273048,48316490,44.82,2491,2690
HSM7J4LH,1,565,565,68.5,565,1
CSM79HPS,46905,80914,42767519,45.84,1230,6708
CSM7KOKB,24733,169022,39889852,45.5,4221,1622
MSM6J2IG,50701,270027,61226185,45.16,2953,2571
PSM6XBS4,50064,242035,71004259,46.06,4169,2365
HSM67VD6,27139,383825,51148216,46.31,7223,998
CSM9X1YV,38036,178209,56305860,47.15,6684,1523
CSM9X235,40946,165018,47561771,47.59,2237,3131
HSM67VF3,9589,327284,38827335,43.57,22010,337
MSMAPC64,78208,102335,60007272,46.91,872,12637
CSM7KOSH,35817,550426,49657407,48.01,4448,1344
HSMA33J5,35133,312641,43296775,47.23,2221,2528
MSM9VZFR,56950,281358,58206462,46.47,1533,5029
MSM6J2HP,61634,244049,65277106,48.31,1597,6542
MSMA26AX,29733,150864,39999661,45.96,3667,1864
MSM79HDQ,53868,298651,56541822,46.85,1616,4530
CSM7KOJU,23595,456031,39627791,44.63,7455,628
MSMA26BJ,77023,307455,76376201,45.09,1463,8640
HSM7J4NM,72729,274827,86802266,46.65,2060,7024
PSM6XBSE,16346,156378,23172350,45.27,3646,913
CSM67UAA,13224,515054,32195167,46.12,25701,196
PSM6XBRK,51371,365253,60905414,44.32,2186,3869
MSM9VZLV,73849,187975,72479442,48.03,1561,7256
PSM6XBQY,14966,34759,11979911,43.74,1002,2598
HSM67VEI,24639,417469,46183843,46.37,6239,1235
PSM7J19Z,45085,141080,36373733,47.77,936,7065
MSM79H98,58346,372395,77093366,47.21,3121,3385
CSM9X22S,51811,260230,64523432,45.16,2254,4343
MSMAPC7R,32109,198887,41093353,44.99,2941,1725
HSMA33KS,97583,249760,98365555,48.05,1525,10244
CSM7KOP2,16390,159392,30242735,43.07,5968,1103
HSMA33IO,123,3254,61094,41.33,495,37
PSM7J136,40995,280984,61222563,46.81,4507,2205
HSM7J4L9,26272,240506,44629083,45.81,7879,583
CSM7KOK3,8627,21264,4541814,47.0,507,2612
CSM79HMT,71697,249708,77484876,46.72,1623,7380
HSM7J4PA,44131,80813,49317559,45.48,1899,4081
CSM79HOH,85946,254253,92991725,46.92,1609,9737
HSM7J4JN,24972,259637,25155618,49.46,1775,2102
MSM79HBN,29468,236216,29324700,46.09,1406,2272
PSM7J15A,44889,257366,61453495,46.98,3534,3275
CSM7KOOX,35143,173080,43983638,44.69,3537,1742
ESM5ME9U,53636,309501,59911550,46.43,2024,4681
HSM6XRV8,51521,168432,68091370,47.44,2829,3813
PSM6XBU2,46442,186039,53477370,45.02,2409,2946
HSMA33LB,11195,256369,10757334,44.85,1245,920
CSM5MCXV,57956,188658,62522418,46.35,1842,3923
HSMA33OP,6119,11165,3716288,42.65,660,1773
PSM7J1BD,45412,416979,59597174,45.08,2520,2681
MSM79H6Y,49556,87402,44721858,45.24,1280,6308
MSM79H7W,66025,261287,72162952,45.73,1826,6064
MSM79H5K,94071,158115,104033904,49.11,2189,7495
PSM6XBTT,64123,180783,74685259,48.0,2113,5741
HSM5MD43,30740,379565,53335317,46.65,7722,1171
CSM79HGP,47031,509118,54134934,46.76,2055,2504
MSMB4LXS,29208,307816,36847407,47.68,3229,1116
MSM79HEA,18343,353434,33373295,44.78,34417,194
HSM7J4MA,61716,156167,75799899,48.66,3365,2823
CSM79HQZ,22394,159392,39794405,44.8,4874,1466
MSM6J2HN,44205,322310,63907157,45.97,3778,2474
MSM79HDO,35652,74573,25599093,45.87,806,7867
MSMA26BT,56765,239051,73571509,46.2,2861,4009
HSM7J4NS,68387,289513,80901431,46.14,2264,5771
MSM6J2JR,58089,599020,66578804,45.77,2436,3196
MSM6J2RA,48605,230285,51824368,47.47,2479,2495
CSM7KOSV,59090,585489,81073142,47.22,3719,2584
MSM9VZFL,44604,484063,56854036,46.62,2571,2864
CSM9X1ZC,33059,419493,40932044,44.94,2841,1553
ESM5MEBU,49272,349469,55191135,44.32,1867,4833
MSM9VZO2,35860,250077,45504126,48.23,3550,1263
HSMA33PL,72990,193647,67110842,47.65,1195,9420
MSM6J2K4,88620,166822,97387649,45.9,1841,8264
HSM7J4O5,53386,254976,71015343,47.36,3700,2419
HSM7CYY3,13572,321245,39776379,45.84,48708,194
HSMA33KM,51907,496344,62118741,46.35,2793,2083
HSM67VEW,43329,198223,52698820,47.32,2374,3012
ESM5MEC3,66781,287837,67691911,46.44,1433,8682
HSM67VGK,27597,334696,37967970,45.58,4355,1519
MSM9VZLH,77577,98761,69403222,46.0,1218,10548
MSM5LLDA,53824,235445,52674024,47.49,1270,6615
HSM5MD6Y,63017,219099,78629028,45.66,2596,4366
CSM7KOMZ,45237,244086,43376112,47.53,1299,5263
HSM7J4JP,25685,235392,25192453,49.92,1415,1808
MSM79HBP,52929,140612,42095772,45.38,893,8106
HSM67VIL,26260,190083,30291315,46.61,2325,1613
MSMA26DK,61136,326241,73564041,47.11,2967,3090
CSM7KOOF,43574,481392,53288517,47.67,2278,2918
ESM7F5AM,63120,444779,76246248,46.41,2280,3279
HSM67VHB,27763,424809,52601367,45.35,6110,1292
CSM79HOV,56527,182272,51376318,46.29,1233,6890
CSM67UDR,26839,178772,33916502,45.87,3047,1444
MSM79H5U,68624,318072,59637720,47.89,1070,9537
HSM7J4K6,14098,144382,20840813,45.97,4240,827
CSM5MCXH,38757,242763,48540644,46.49,2502,1894
HSM7J4Q9,51824,408684,72239421,46.72,2949,2994
